year,branch,month,month_num,sales_2025,seasonality_index_2025,trend_component,forecast_raw,jan_actual_runrate,jan_anchor_ratio,forecast_calibrated,forecast_final
2026,Stories Ain El Mreisseh,January,1,12648546.67,1.2689,11524092.86,11524092.86,8945324.65,0.7762,8945324.65,8945324.65
2026,Stories Ain El Mreisseh,February,2,9929973.33,0.9962,9047200.26,9047200.26,8945324.65,0.7762,7022691.03,7022691.03
2026,Stories Ain El Mreisseh,March,3,9849926.67,0.9882,8974269.73,8974269.73,8945324.65,0.7762,6966080.3,6966080.3
2026,Stories Ain El Mreisseh,April,4,13025923.33,1.3068,11867920.79,11867920.79,8945324.65,0.7762,9212213.55,9212213.55
2026,Stories Ain El Mreisseh,May,5,7208975.0,0.7232,6568098.25,6568098.25,8945324.65,0.7762,5098342.4,5098342.4
2026,Stories Ain El Mreisseh,June,6,2883403.33,0.2893,2627069.23,2627069.23,8945324.65,0.7762,2039204.94,2039204.94
2026,Stories Ain El Mreisseh,July,7,11889329.16,1.1928,10832369.66,10832369.66,8945324.65,0.7762,8408389.67,8408389.67
2026,Stories Ain El Mreisseh,August,8,11610097.92,1.1648,10577962.04,10577962.04,8945324.65,0.7762,8210911.33,8210911.33
2026,Stories Ain El Mreisseh,September,9,11021123.75,1.1057,10041347.58,10041347.58,8945324.65,0.7762,7794376.11,7794376.11
2026,Stories Ain El Mreisseh,October,10,10516783.81,1.0551,9581843.38,9581843.38,8945324.65,0.7762,7437696.04,7437696.04
2026,Stories Ain El Mreisseh,November,11,9387782.61,0.9418,8553210.21,8553210.21,8945324.65,0.7762,6639242.07,6639242.07
2026,Stories Ain El Mreisseh,December,12,9640996.43,0.9672,8783913.36,8783913.36,8945324.65,0.7762,6818320.34,6818320.34
2026,Stories Airport,January,1,0.0,0.0,0.0,0.0,6601011.22,1.0,0.0,0.0
2026,Stories Airport,February,2,0.0,0.0,0.0,0.0,6601011.22,1.0,0.0,0.0
2026,Stories Airport,March,3,0.0,0.0,0.0,0.0,6601011.22,1.0,0.0,0.0
2026,Stories Airport,April,4,0.0,0.0,0.0,0.0,6601011.22,1.0,0.0,0.0
2026,Stories Airport,May,5,0.0,0.0,0.0,0.0,6601011.22,1.0,0.0,0.0
2026,Stories Airport,June,6,8428.83,0.0026,8428.83,8428.83,6601011.22,1.0,8428.83,8428.83
2026,Stories Airport,July,7,2940003.01,0.8948,2940003.01,2940003.01,6601011.22,1.0,2940003.01,2940003.01
2026,Stories Airport,August,8,6963426.45,2.1193,6963426.45,6963426.45,6601011.22,1.0,6963426.45,6963426.45
2026,Stories Airport,September,9,7467197.62,2.2726,7467197.62,7467197.62,6601011.22,1.0,7467197.62,7467197.62
2026,Stories Airport,October,10,8414672.7,2.561,8414672.7,8414672.7,6601011.22,1.0,8414672.7,8414672.7
2026,Stories Airport,November,11,7029720.14,2.1395,7029720.14,7029720.14,6601011.22,1.0,7029720.14,7029720.14
2026,Stories Airport,December,12,6604828.86,2.0102,6604828.86,6604828.86,6601011.22,1.0,6604828.86,6604828.86
2026,Stories Aley,January,1,0.0,0.0,0.0,0.0,3063065.75,1.0,0.0,0.0
2026,Stories Aley,February,2,0.0,0.0,0.0,0.0,3063065.75,1.0,0.0,0.0
2026,Stories Aley,March,3,0.0,0.0,0.0,0.0,3063065.75,1.0,0.0,0.0
2026,Stories Aley,April,4,0.0,0.0,0.0,0.0,3063065.75,1.0,0.0,0.0
2026,Stories Aley,May,5,0.0,0.0,0.0,0.0,3063065.75,1.0,0.0,0.0
2026,Stories Aley,June,6,0.0,0.0,0.0,0.0,3063065.75,1.0,0.0,0.0
2026,Stories Aley,July,7,4219344.76,1.6603,4219344.76,4219344.76,3063065.75,1.0,4219344.76,4219344.76
2026,Stories Aley,August,8,8565845.07,3.3706,8565845.07,8565845.07,3063065.75,1.0,8565845.07,8565845.07
2026,Stories Aley,September,9,5397295.51,2.1238,5397295.51,5397295.51,3063065.75,1.0,5397295.51,5397295.51
2026,Stories Aley,October,10,4503168.48,1.772,4503168.48,4503168.48,3063065.75,1.0,4503168.48,4503168.48
2026,Stories Aley,November,11,4071091.3,1.6019,4071091.3,4071091.3,3063065.75,1.0,4071091.3,4071091.3
2026,Stories Aley,December,12,3739480.5,1.4715,3739480.5,3739480.5,3063065.75,1.0,3739480.5,3739480.5
2026,Stories Amioun,January,1,0.0,0.0,0.0,0.0,2808770.97,1.0,0.0,0.0
2026,Stories Amioun,February,2,0.0,0.0,0.0,0.0,2808770.97,1.0,0.0,0.0
2026,Stories Amioun,March,3,0.0,0.0,0.0,0.0,2808770.97,1.0,0.0,0.0
2026,Stories Amioun,April,4,0.0,0.0,0.0,0.0,2808770.97,1.0,0.0,0.0
2026,Stories Amioun,May,5,0.0,0.0,0.0,0.0,2808770.97,1.0,0.0,0.0
2026,Stories Amioun,June,6,0.0,0.0,0.0,0.0,2808770.97,1.0,0.0,0.0
2026,Stories Amioun,July,7,0.0,0.0,0.0,0.0,2808770.97,1.0,0.0,0.0
2026,Stories Amioun,August,8,0.0,0.0,0.0,0.0,2808770.97,1.0,0.0,0.0
2026,Stories Amioun,September,9,0.0,0.0,0.0,0.0,2808770.97,1.0,0.0,0.0
2026,Stories Amioun,October,10,3582319.53,4.4018,3582319.53,3582319.53,2808770.97,1.0,3582319.53,3582319.53
2026,Stories Amioun,November,11,3115747.75,3.8285,3115747.75,3115747.75,2808770.97,1.0,3115747.75,3115747.75
2026,Stories Amioun,December,12,3067997.01,3.7698,3067997.01,3067997.01,2808770.97,1.0,3067997.01,3067997.01
2026,Stories Antelias,January,1,2615854.33,1.0248,2478309.59,2478309.59,2014146.94,0.8127,2014146.94,2014146.94
2026,Stories Antelias,February,2,2139010.67,0.838,2026538.94,2026538.94,2014146.94,0.8127,1646988.42,1646988.42
2026,Stories Antelias,March,3,3162716.67,1.2391,2996417.26,2996417.26,2014146.94,0.8127,2435218.21,2435218.21
2026,Stories Antelias,April,4,3391741.33,1.3288,3213399.53,3213399.53,2014146.94,0.8127,2611561.87,2611561.87
2026,Stories Antelias,May,5,2033635.67,0.7967,1926704.68,1926704.68,2014146.94,0.8127,1565852.13,1565852.13
2026,Stories Antelias,June,6,728978.33,0.2856,690647.78,690647.78,2014146.94,0.8127,561296.34,561296.34
2026,Stories Antelias,July,7,2963696.71,1.1611,2807862.0,2807862.0,2014146.94,0.8127,2281977.48,2281977.48
2026,Stories Antelias,August,8,3182363.97,1.2468,3015031.48,3015031.48,2014146.94,0.8127,2450346.18,2450346.18
2026,Stories Antelias,September,9,2909965.47,1.1401,2756956.02,2756956.02,2014146.94,0.8127,2240605.67,2240605.67
2026,Stories Antelias,October,10,2715152.86,1.0637,2572386.89,2572386.89,2014146.94,0.8127,2090604.5,2090604.5
2026,Stories Antelias,November,11,2551353.16,0.9996,2417199.97,2417199.97,2014146.94,0.8127,1964482.54,1964482.54
2026,Stories Antelias,December,12,2234759.77,0.8755,2117253.44,2117253.44,2014146.94,0.8127,1720713.0,1720713.0
2026,Stories Batroun,January,1,4266517.33,0.9468,4696328.32,4696328.32,4000975.7,0.8519,4000975.7,4000975.7
2026,Stories Batroun,February,2,3388117.33,0.7519,3729437.89,3729437.89,4000975.7,0.8519,3177246.0,3177246.0
2026,Stories Batroun,March,3,4890198.33,1.0852,5382839.24,5382839.24,4000975.7,0.8519,4585839.73,4585839.73
2026,Stories Batroun,April,4,5516881.67,1.2243,6072654.96,6072654.96,4000975.7,0.8519,5173519.24,5173519.24
2026,Stories Batroun,May,5,2963980.33,0.6578,3262573.12,3262573.12,4000975.7,0.8519,2779506.65,2779506.65
2026,Stories Batroun,June,6,1311240.0,0.291,1443334.94,1443334.94,4000975.7,0.8519,1229630.39,1229630.39
2026,Stories Batroun,July,7,6135003.02,1.3615,6753046.15,6753046.15,4000975.7,0.8519,5753169.65,5753169.65
2026,Stories Batroun,August,8,6751770.29,1.4984,7431946.85,7431946.85,4000975.7,0.8519,6331550.25,6331550.25
2026,Stories Batroun,September,9,5041150.76,1.1187,5548998.69,5548998.69,4000975.7,0.8519,4727397.11,4727397.11
2026,Stories Batroun,October,10,4372225.54,0.9703,4812685.63,4812685.63,4000975.7,0.8519,4100104.79,4100104.79
2026,Stories Batroun,November,11,4272667.88,0.9482,4703098.48,4703098.48,4000975.7,0.8519,4006743.45,4006743.45
2026,Stories Batroun,December,12,5163712.03,1.1459,5683906.84,5683906.84,4000975.7,0.8519,4842330.35,4842330.35
2026,Stories Bayada,January,1,4497376.67,1.0252,4918195.18,4918195.18,3788175.47,0.7702,3788175.47,3788175.47
2026,Stories Bayada,February,2,3419106.67,0.7794,3739031.7,3739031.7,3788175.47,0.7702,2879940.23,2879940.23
2026,Stories Bayada,March,3,5083386.67,1.1587,5559038.0,5559038.0,3788175.47,0.7702,4281776.27,4281776.27
2026,Stories Bayada,April,4,5196906.67,1.1846,5683180.05,5683180.05,3788175.47,0.7702,4377395.05,4377395.05
2026,Stories Bayada,May,5,3043400.0,0.6937,3328170.25,3328170.25,3788175.47,0.7702,2563479.57,2563479.57
2026,Stories Bayada,June,6,1208190.0,0.2754,1321240.06,1321240.06,3788175.47,0.7702,1017667.87,1017667.87
2026,Stories Bayada,July,7,5448609.92,1.242,5958435.11,5958435.11,3788175.47,0.7702,4589406.66,4589406.66
2026,Stories Bayada,August,8,5613038.75,1.2795,6138249.51,6138249.51,3788175.47,0.7702,4727906.35,4727906.35
2026,Stories Bayada,September,9,4917258.26,1.1209,5377365.0,5377365.0,3788175.47,0.7702,4141845.01,4141845.01
2026,Stories Bayada,October,10,5224336.34,1.1909,5713176.3,5713176.3,3788175.47,0.7702,4400499.27,4400499.27
2026,Stories Bayada,November,11,4588470.28,1.0459,5017812.4,5017812.4,3788175.47,0.7702,3864904.33,3864904.33
2026,Stories Bayada,December,12,4403458.27,1.0038,4815488.86,4815488.86,3788175.47,0.7702,3709067.27,3709067.27
2026,Stories Bir Hasan,January,1,3355705.33,1.1721,3458045.94,3458045.94,2525963.46,0.7305,2525963.46,2525963.46
2026,Stories Bir Hasan,February,2,2842993.67,0.993,2929697.86,2929697.86,2525963.46,0.7305,2140026.44,2140026.44
2026,Stories Bir Hasan,March,3,2266050.67,0.7915,2335159.54,2335159.54,2525963.46,0.7305,1705740.11,1705740.11
2026,Stories Bir Hasan,April,4,3459979.67,1.2085,3565500.39,3565500.39,2525963.46,0.7305,2604454.61,2604454.61
2026,Stories Bir Hasan,May,5,2125379.33,0.7423,2190198.08,2190198.08,2525963.46,0.7305,1599851.6,1599851.6
2026,Stories Bir Hasan,June,6,744638.33,0.2601,767347.93,767347.93,2525963.46,0.7305,560516.8,560516.8
2026,Stories Bir Hasan,July,7,3799740.25,1.3271,3915622.81,3915622.81,2525963.46,0.7305,2860204.96,2860204.96
2026,Stories Bir Hasan,August,8,3783897.91,1.3216,3899297.32,3899297.32,2525963.46,0.7305,2848279.84,2848279.84
2026,Stories Bir Hasan,September,9,3255935.75,1.1372,3355233.64,3355233.64,2525963.46,0.7305,2450863.21,2450863.21
2026,Stories Bir Hasan,October,10,3128528.54,1.0927,3223940.83,3223940.83,2525963.46,0.7305,2354959.09,2354959.09
2026,Stories Bir Hasan,November,11,2851287.1,0.9959,2938244.22,2938244.22,2525963.46,0.7305,2146269.21,2146269.21
2026,Stories Bir Hasan,December,12,2743087.7,0.9581,2826745.01,2826745.01,2525963.46,0.7305,2064823.52,2064823.52
2026,Stories Centro Mall,January,1,3264533.33,1.0435,4088841.88,4088841.88,3150905.0,0.7706,3150905.0,3150905.0
2026,Stories Centro Mall,February,2,2944806.67,0.9413,3688382.88,3688382.88,3150905.0,0.7706,2842307.04,2842307.04
2026,Stories Centro Mall,March,3,2218466.67,0.7091,2778638.94,2778638.94,3150905.0,0.7706,2141248.69,2141248.69
2026,Stories Centro Mall,April,4,3937166.67,1.2585,4931318.0,4931318.0,3150905.0,0.7706,3800126.05,3800126.05
2026,Stories Centro Mall,May,5,1955286.67,0.625,2449004.87,2449004.87,3150905.0,0.7706,1887229.18,1887229.18
2026,Stories Centro Mall,June,6,924383.33,0.2955,1157794.05,1157794.05,3150905.0,0.7706,892208.4,892208.4
2026,Stories Centro Mall,July,7,4201339.95,1.3429,5262196.15,5262196.15,3150905.0,0.7706,4055104.27,4055104.27
2026,Stories Centro Mall,August,8,4307333.34,1.3768,5394953.32,5394953.32,3150905.0,0.7706,4157408.36,4157408.36
2026,Stories Centro Mall,September,9,3232537.55,1.0333,4048767.03,4048767.03,3150905.0,0.7706,3120022.89,3120022.89
2026,Stories Centro Mall,October,10,3059645.65,0.978,3832219.19,3832219.19,3150905.0,0.7706,2953148.83,2953148.83
2026,Stories Centro Mall,November,11,3497554.96,1.118,4380702.46,4380702.46,3150905.0,0.7706,3375815.87,3375815.87
2026,Stories Centro Mall,December,12,3998663.08,1.2782,5008342.51,5008342.51,3150905.0,0.7706,3859481.96,3859481.96
2026,Stories Event Starco,January,1,0.0,0.0,0.0,0.0,52910.73,1.0,0.0,0.0
2026,Stories Event Starco,February,2,0.0,0.0,0.0,0.0,52910.73,1.0,0.0,0.0
2026,Stories Event Starco,March,3,0.0,0.0,0.0,0.0,52910.73,1.0,0.0,0.0
2026,Stories Event Starco,April,4,0.0,0.0,0.0,0.0,52910.73,1.0,0.0,0.0
2026,Stories Event Starco,May,5,0.0,0.0,0.0,0.0,52910.73,1.0,0.0,0.0
2026,Stories Event Starco,June,6,0.0,0.0,0.0,0.0,52910.73,1.0,0.0,0.0
2026,Stories Event Starco,July,7,918.92,0.0185,918.92,918.92,52910.73,1.0,918.92,918.92
2026,Stories Event Starco,August,8,3141.14,0.0631,3141.14,3141.14,52910.73,1.0,3141.14,3141.14
2026,Stories Event Starco,September,9,0.0,0.0,0.0,0.0,52910.73,1.0,0.0,0.0
2026,Stories Event Starco,October,10,0.0,0.0,0.0,0.0,52910.73,1.0,0.0,0.0
2026,Stories Event Starco,November,11,6606.61,0.1327,6606.61,6606.61,52910.73,1.0,6606.61,6606.61
2026,Stories Event Starco,December,12,586645.65,11.7857,586645.65,586645.65,52910.73,1.0,586645.65,586645.65
2026,Stories Faqra,January,1,1889910.0,2.066,1322937.0,1322937.0,0.0,1.0,1322937.0,1322937.0
2026,Stories Faqra,February,2,1829960.0,2.0004,1280972.0,1280972.0,0.0,1.0,1280972.0,1280972.0
2026,Stories Faqra,March,3,1479756.67,1.6176,1035829.67,1035829.67,0.0,1.0,1035829.67,1035829.67
2026,Stories Faqra,April,4,2298003.33,2.5121,1608602.33,1608602.33,0.0,1.0,1608602.33,1608602.33
2026,Stories Faqra,May,5,1109666.67,1.213,776766.67,776766.67,0.0,1.0,776766.67,776766.67
2026,Stories Faqra,June,6,352083.33,0.3849,246458.33,246458.33,0.0,1.0,246458.33,246458.33
2026,Stories Faqra,July,7,482036.04,0.5269,337425.23,337425.23,0.0,1.0,337425.23,337425.23
2026,Stories Faqra,August,8,1535977.47,1.6791,1075184.23,1075184.23,0.0,1.0,1075184.23,1075184.23
2026,Stories Faqra,September,9,0.0,0.0,0.0,0.0,0.0,1.0,0.0,0.0
2026,Stories Faqra,October,10,0.0,0.0,0.0,0.0,0.0,1.0,0.0,0.0
2026,Stories Faqra,November,11,0.0,0.0,0.0,0.0,0.0,1.0,0.0,0.0
2026,Stories Faqra,December,12,0.0,0.0,0.0,0.0,0.0,1.0,0.0,0.0
2026,Stories Jbeil,January,1,0.0,0.0,0.0,0.0,5903541.96,1.0,0.0,0.0
2026,Stories Jbeil,February,2,0.0,0.0,0.0,0.0,5903541.96,1.0,0.0,0.0
2026,Stories Jbeil,March,3,0.0,0.0,0.0,0.0,5903541.96,1.0,0.0,0.0
2026,Stories Jbeil,April,4,0.0,0.0,0.0,0.0,5903541.96,1.0,0.0,0.0
2026,Stories Jbeil,May,5,0.0,0.0,0.0,0.0,5903541.96,1.0,0.0,0.0
2026,Stories Jbeil,June,6,0.0,0.0,0.0,0.0,5903541.96,1.0,0.0,0.0
2026,Stories Jbeil,July,7,0.0,0.0,0.0,0.0,5903541.96,1.0,0.0,0.0
2026,Stories Jbeil,August,8,0.0,0.0,0.0,0.0,5903541.96,1.0,0.0,0.0
2026,Stories Jbeil,September,9,2402935.0,1.0616,2402935.0,2402935.0,5903541.96,1.0,2402935.0,2402935.0
2026,Stories Jbeil,October,10,10218320.22,4.5144,10218320.22,10218320.22,5903541.96,1.0,10218320.22,10218320.22
2026,Stories Jbeil,November,11,7848030.44,3.4672,7848030.44,7848030.44,5903541.96,1.0,7848030.44,7848030.44
2026,Stories Jbeil,December,12,6692888.56,2.9569,6692888.56,6692888.56,5903541.96,1.0,6692888.56,6692888.56
2026,Stories Kaslik,January,1,0.0,0.0,0.0,0.0,1458061.27,1.0,0.0,0.0
2026,Stories Kaslik,February,2,0.0,0.0,0.0,0.0,1458061.27,1.0,0.0,0.0
2026,Stories Kaslik,March,3,0.0,0.0,0.0,0.0,1458061.27,1.0,0.0,0.0
2026,Stories Kaslik,April,4,0.0,0.0,0.0,0.0,1458061.27,1.0,0.0,0.0
2026,Stories Kaslik,May,5,0.0,0.0,0.0,0.0,1458061.27,1.0,0.0,0.0
2026,Stories Kaslik,June,6,0.0,0.0,0.0,0.0,1458061.27,1.0,0.0,0.0
2026,Stories Kaslik,July,7,0.0,0.0,0.0,0.0,1458061.27,1.0,0.0,0.0
2026,Stories Kaslik,August,8,0.0,0.0,0.0,0.0,1458061.27,1.0,0.0,0.0
2026,Stories Kaslik,September,9,0.0,0.0,0.0,0.0,1458061.27,1.0,0.0,0.0
2026,Stories Kaslik,October,10,0.0,0.0,0.0,0.0,1458061.27,1.0,0.0,0.0
2026,Stories Kaslik,November,11,1237539.34,5.2651,1237539.34,1237539.34,1458061.27,1.0,1237539.34,1237539.34
2026,Stories Kaslik,December,12,1583014.42,6.7349,1583014.42,1583014.42,1458061.27,1.0,1583014.42,1583014.42
2026,Stories Khaldeh,January,1,7468155.33,1.0649,7830177.58,7830177.58,6562719.07,0.8381,6562719.07,6562719.07
2026,Stories Khaldeh,February,2,6108429.33,0.871,6404538.24,6404538.24,6562719.07,0.8381,5367845.72,5367845.72
2026,Stories Khaldeh,March,3,6420841.0,0.9156,6732094.21,6732094.21,6562719.07,0.8381,5642380.72,5642380.72
2026,Stories Khaldeh,April,4,8455732.0,1.2057,8865627.48,8865627.48,6562719.07,0.8381,7430562.33,7430562.33
2026,Stories Khaldeh,May,5,4487117.67,0.6398,4704632.75,4704632.75,6562719.07,0.8381,3943101.26,3943101.26
2026,Stories Khaldeh,June,6,2262395.0,0.3226,2372065.63,2372065.63,6562719.07,0.8381,1988103.11,1988103.11
2026,Stories Khaldeh,July,7,9464291.92,1.3495,9923077.81,9923077.81,6562719.07,0.8381,8316844.83,8316844.83
2026,Stories Khaldeh,August,8,10661995.53,1.5203,11178840.65,11178840.65,6562719.07,0.8381,9369339.32,9369339.32
2026,Stories Khaldeh,September,9,7859844.17,1.1208,8240853.72,8240853.72,6562719.07,0.8381,6906919.71,6906919.71
2026,Stories Khaldeh,October,10,7348415.03,1.0478,7704632.82,7704632.82,6562719.07,0.8381,6457496.04,6457496.04
2026,Stories Khaldeh,November,11,6744352.33,0.9617,7071287.9,7071287.9,6562719.07,0.8381,5926669.67,5926669.67
2026,Stories Khaldeh,December,12,6874042.67,0.9802,7207265.04,7207265.04,6562719.07,0.8381,6040636.4,6040636.4
2026,Stories Lau,January,1,1832006.33,1.3703,1282404.43,1282404.43,1036024.58,0.8079,1036024.58,1036024.58
2026,Stories Lau,February,2,1863050.33,1.3935,1304135.23,1304135.23,1036024.58,0.8079,1053580.39,1053580.39
2026,Stories Lau,March,3,1859610.67,1.3909,1301727.47,1301727.47,1036024.58,0.8079,1051635.21,1051635.21
2026,Stories Lau,April,4,2358631.33,1.7642,1651041.93,1651041.93,1036024.58,0.8079,1333838.2,1333838.2
2026,Stories Lau,May,5,1206958.0,0.9028,844870.6,844870.6,1036024.58,0.8079,682551.22,682551.22
2026,Stories Lau,June,6,398961.67,0.2984,279273.17,279273.17,1036024.58,0.8079,225618.27,225618.27
2026,Stories Lau,July,7,1050186.19,0.7855,735130.33,735130.33,1036024.58,0.8079,593894.62,593894.62
2026,Stories Lau,August,8,1683288.29,1.259,1178301.8,1178301.8,1036024.58,0.8079,951922.5,951922.5
2026,Stories Lau,September,9,627849.85,0.4696,439494.89,439494.89,1036024.58,0.8079,355057.66,355057.66
2026,Stories Lau,October,10,1369579.58,1.0244,958705.71,958705.71,1036024.58,0.8079,774515.94,774515.94
2026,Stories Lau,November,11,1173966.97,0.8781,821776.88,821776.88,1036024.58,0.8079,663894.34,663894.34
2026,Stories Lau,December,12,619603.6,0.4634,433722.52,433722.52,1036024.58,0.8079,350394.29,350394.29
2026,Stories Le Mall,January,1,3881015.0,0.9936,4181822.51,4181822.51,4145303.42,0.9913,4145303.42,4145303.42
2026,Stories Le Mall,February,2,3772586.67,0.9659,4064990.18,4064990.18,4145303.42,0.9913,4029491.36,4029491.36
2026,Stories Le Mall,March,3,4220770.0,1.0806,4547911.05,4547911.05,4145303.42,0.9913,4508194.97,4508194.97
2026,Stories Le Mall,April,4,4428620.0,1.1338,4771870.97,4771870.97,4145303.42,0.9913,4730199.09,4730199.09
2026,Stories Le Mall,May,5,2163876.67,0.554,2331593.2,2331593.2,4145303.42,0.9913,2311231.82,2311231.82
2026,Stories Le Mall,June,6,967783.33,0.2478,1042793.73,1042793.73,4145303.42,0.9913,1033687.2,1033687.2
2026,Stories Le Mall,July,7,4986426.44,1.2766,5372911.56,5372911.56,4145303.42,0.9913,5325990.9,5325990.9
2026,Stories Le Mall,August,8,5452825.84,1.3961,5875460.38,5875460.38,4145303.42,0.9913,5824151.05,5824151.05
2026,Stories Le Mall,September,9,4201888.9,1.0758,4527566.53,4527566.53,4145303.42,0.9913,4488028.11,4488028.11
2026,Stories Le Mall,October,10,3807124.33,0.9747,4102204.77,4102204.77,4145303.42,0.9913,4066380.96,4066380.96
2026,Stories Le Mall,November,11,3984058.87,1.02,4292853.05,4292853.05,4145303.42,0.9913,4255364.35,4255364.35
2026,Stories Le Mall,December,12,5003540.55,1.281,5391352.14,5391352.14,4145303.42,0.9913,5344270.44,5344270.44
2026,Stories Mansourieh,January,1,0.0,0.0,0.0,0.0,3926719.15,1.0,0.0,0.0
2026,Stories Mansourieh,February,2,0.0,0.0,0.0,0.0,3926719.15,1.0,0.0,0.0
2026,Stories Mansourieh,March,3,0.0,0.0,0.0,0.0,3926719.15,1.0,0.0,0.0
2026,Stories Mansourieh,April,4,0.0,0.0,0.0,0.0,3926719.15,1.0,0.0,0.0
2026,Stories Mansourieh,May,5,0.0,0.0,0.0,0.0,3926719.15,1.0,0.0,0.0
2026,Stories Mansourieh,June,6,0.0,0.0,0.0,0.0,3926719.15,1.0,0.0,0.0
2026,Stories Mansourieh,July,7,193405.41,0.086,193405.41,193405.41,3926719.15,1.0,193405.41,193405.41
2026,Stories Mansourieh,August,8,5928212.63,2.6347,5928212.63,5928212.63,3926719.15,1.0,5928212.63,5928212.63
2026,Stories Mansourieh,September,9,5813335.75,2.5837,5813335.75,5813335.75,3926719.15,1.0,5813335.75,5813335.75
2026,Stories Mansourieh,October,10,5978077.49,2.6569,5978077.49,5978077.49,3926719.15,1.0,5978077.49,5978077.49
2026,Stories Mansourieh,November,11,4888906.92,2.1728,4888906.92,4888906.92,3926719.15,1.0,4888906.92,4888906.92
2026,Stories Mansourieh,December,12,4198633.64,1.866,4198633.64,4198633.64,3926719.15,1.0,4198633.64,4198633.64
2026,Stories Ramlet El Bayda,January,1,0.0,0.0,0.0,0.0,5515161.53,1.0,0.0,0.0
2026,Stories Ramlet El Bayda,February,2,1570806.67,0.3361,2042048.67,2042048.67,5515161.53,1.0,2042048.67,2042048.67
2026,Stories Ramlet El Bayda,March,3,3588563.33,0.7678,4665132.33,4665132.33,5515161.53,1.0,4665132.33,4665132.33
2026,Stories Ramlet El Bayda,April,4,6011885.0,1.2863,7815450.5,7815450.5,5515161.53,1.0,7815450.5,7815450.5
2026,Stories Ramlet El Bayda,May,5,3542743.33,0.758,4605566.33,4605566.33,5515161.53,1.0,4605566.33,4605566.33
2026,Stories Ramlet El Bayda,June,6,1445760.0,0.3093,1879488.0,1879488.0,5515161.53,1.0,1879488.0,1879488.0
2026,Stories Ramlet El Bayda,July,7,7427539.62,1.5892,9655801.51,9655801.51,5515161.53,1.0,9655801.51,9655801.51
2026,Stories Ramlet El Bayda,August,8,7668109.92,1.6407,9968542.9,9968542.9,5515161.53,1.0,9968542.9,9968542.9
2026,Stories Ramlet El Bayda,September,9,6585103.32,1.409,8560634.32,8560634.32,5515161.53,1.0,8560634.32,8560634.32
2026,Stories Ramlet El Bayda,October,10,6435858.57,1.377,8366616.14,8366616.14,5515161.53,1.0,8366616.14,8366616.14
2026,Stories Ramlet El Bayda,November,11,5863675.69,1.2546,7622778.4,7622778.4,5515161.53,1.0,7622778.4,7622778.4
2026,Stories Ramlet El Bayda,December,12,5944644.46,1.2719,7728037.8,7728037.8,5515161.53,1.0,7728037.8,7728037.8
2026,Stories Raouche,January,1,0.0,0.0,0.0,0.0,2672891.02,1.0,0.0,0.0
2026,Stories Raouche,February,2,0.0,0.0,0.0,0.0,2672891.02,1.0,0.0,0.0
2026,Stories Raouche,March,3,0.0,0.0,0.0,0.0,2672891.02,1.0,0.0,0.0
2026,Stories Raouche,April,4,0.0,0.0,0.0,0.0,2672891.02,1.0,0.0,0.0
2026,Stories Raouche,May,5,0.0,0.0,0.0,0.0,2672891.02,1.0,0.0,0.0
2026,Stories Raouche,June,6,0.0,0.0,0.0,0.0,2672891.02,1.0,0.0,0.0
2026,Stories Raouche,July,7,0.0,0.0,0.0,0.0,2672891.02,1.0,0.0,0.0
2026,Stories Raouche,August,8,0.0,0.0,0.0,0.0,2672891.02,1.0,0.0,0.0
2026,Stories Raouche,September,9,0.0,0.0,0.0,0.0,2672891.02,1.0,0.0,0.0
2026,Stories Raouche,October,10,0.0,0.0,0.0,0.0,2672891.02,1.0,0.0,0.0
2026,Stories Raouche,November,11,1740370.88,4.5837,1740370.88,1740370.88,2672891.02,1.0,1740370.88,1740370.88
2026,Stories Raouche,December,12,2815825.84,7.4163,2815825.84,2815825.84,2672891.02,1.0,2815825.84,2815825.84
2026,Stories Saida,January,1,7263332.33,1.5845,5084332.63,5084332.63,3428379.97,0.7,3559032.84,3559032.84
2026,Stories Saida,February,2,5121351.33,1.1173,3584945.93,3584945.93,3428379.97,0.7,2509462.15,2509462.15
2026,Stories Saida,March,3,4684910.67,1.022,3279437.47,3279437.47,3428379.97,0.7,2295606.23,2295606.23
2026,Stories Saida,April,4,6361154.33,1.3877,4452808.03,4452808.03,3428379.97,0.7,3116965.62,3116965.62
2026,Stories Saida,May,5,3010781.67,0.6568,2107547.17,2107547.17,3428379.97,0.7,1475283.02,1475283.02
2026,Stories Saida,June,6,1323360.0,0.2887,926352.0,926352.0,3428379.97,0.7,648446.4,648446.4
2026,Stories Saida,July,7,5939826.44,1.2958,4157878.51,4157878.51,3428379.97,0.7,2910514.96,2910514.96
2026,Stories Saida,August,8,5925560.98,1.2927,4147892.69,4147892.69,3428379.97,0.7,2903524.88,2903524.88
2026,Stories Saida,September,9,4245091.9,0.9261,2971564.33,2971564.33,3428379.97,0.7,2080095.03,2080095.03
2026,Stories Saida,October,10,3639435.44,0.794,2547604.81,2547604.81,3428379.97,0.7,1783323.37,1783323.37
2026,Stories Saida,November,11,3665840.85,0.7997,2566088.59,2566088.59,3428379.97,0.7,1796262.02,1796262.02
2026,Stories Saida,December,12,3825643.86,0.8346,2677950.7,2677950.7,3428379.97,0.7,1874565.49,1874565.49
2026,Stories Sin El Fil,January,1,0.0,0.0,0.0,0.0,3460244.04,1.0,0.0,0.0
2026,Stories Sin El Fil,February,2,0.0,0.0,0.0,0.0,3460244.04,1.0,0.0,0.0
2026,Stories Sin El Fil,March,3,0.0,0.0,0.0,0.0,3460244.04,1.0,0.0,0.0
2026,Stories Sin El Fil,April,4,0.0,0.0,0.0,0.0,3460244.04,1.0,0.0,0.0
2026,Stories Sin El Fil,May,5,0.0,0.0,0.0,0.0,3460244.04,1.0,0.0,0.0
2026,Stories Sin El Fil,June,6,0.0,0.0,0.0,0.0,3460244.04,1.0,0.0,0.0
2026,Stories Sin El Fil,July,7,0.0,0.0,0.0,0.0,3460244.04,1.0,0.0,0.0
2026,Stories Sin El Fil,August,8,0.0,0.0,0.0,0.0,3460244.04,1.0,0.0,0.0
2026,Stories Sin El Fil,September,9,0.0,0.0,0.0,0.0,3460244.04,1.0,0.0,0.0
2026,Stories Sin El Fil,October,10,2624897.9,3.0586,2624897.9,2624897.9,3460244.04,1.0,2624897.9,2624897.9
2026,Stories Sin El Fil,November,11,4122138.15,4.8032,4122138.15,4122138.15,3460244.04,1.0,4122138.15,4122138.15
2026,Stories Sin El Fil,December,12,3551489.5,4.1383,3551489.5,3551489.5,3460244.04,1.0,3551489.5,3551489.5
2026,Stories Sour 2,January,1,0.0,0.0,0.0,0.0,3430835.76,1.0,0.0,0.0
2026,Stories Sour 2,February,2,0.0,0.0,0.0,0.0,3430835.76,1.0,0.0,0.0
2026,Stories Sour 2,March,3,0.0,0.0,0.0,0.0,3430835.76,1.0,0.0,0.0
2026,Stories Sour 2,April,4,0.0,0.0,0.0,0.0,3430835.76,1.0,0.0,0.0
2026,Stories Sour 2,May,5,0.0,0.0,0.0,0.0,3430835.76,1.0,0.0,0.0
2026,Stories Sour 2,June,6,0.0,0.0,0.0,0.0,3430835.76,1.0,0.0,0.0
2026,Stories Sour 2,July,7,4504179.49,2.3057,4504179.49,4504179.49,3430835.76,1.0,4504179.49,4504179.49
2026,Stories Sour 2,August,8,5532578.53,2.8322,5532578.53,5532578.53,3430835.76,1.0,5532578.53,5532578.53
2026,Stories Sour 2,September,9,3970129.99,2.0323,3970129.99,3970129.99,3430835.76,1.0,3970129.99,3970129.99
2026,Stories Sour 2,October,10,3313013.33,1.696,3313013.33,3313013.33,3430835.76,1.0,3313013.33,3313013.33
2026,Stories Sour 2,November,11,2948339.91,1.5093,2948339.91,2948339.91,3430835.76,1.0,2948339.91,2948339.91
2026,Stories Sour 2,December,12,3173568.29,1.6246,3173568.29,3173568.29,3430835.76,1.0,3173568.29,3173568.29
2026,Stories Unknown,January,1,2190006.67,1.8899,1533004.67,1533004.67,0.0,1.0,1533004.67,1533004.67
2026,Stories Unknown,February,2,2527096.67,2.1807,1768967.67,1768967.67,0.0,1.0,1768967.67,1768967.67
2026,Stories Unknown,March,3,2385366.67,2.0584,1669756.67,1669756.67,0.0,1.0,1669756.67,1669756.67
2026,Stories Unknown,April,4,3555273.33,3.068,2488691.33,2488691.33,0.0,1.0,2488691.33,2488691.33
2026,Stories Unknown,May,5,2024430.0,1.747,1417101.0,1417101.0,0.0,1.0,1417101.0,1417101.0
2026,Stories Unknown,June,6,923133.33,0.7966,646193.33,646193.33,0.0,1.0,646193.33,646193.33
2026,Stories Unknown,July,7,300556.67,0.2594,210389.67,210389.67,0.0,1.0,210389.67,210389.67
2026,Stories Unknown,August,8,0.0,0.0,0.0,0.0,0.0,1.0,0.0,0.0
2026,Stories Unknown,September,9,0.0,0.0,0.0,0.0,0.0,1.0,0.0,0.0
2026,Stories Unknown,October,10,0.0,0.0,0.0,0.0,0.0,1.0,0.0,0.0
2026,Stories Unknown,November,11,0.0,0.0,0.0,0.0,0.0,1.0,0.0,0.0
2026,Stories Unknown,December,12,0.0,0.0,0.0,0.0,0.0,1.0,0.0,0.0
2026,Stories Verdun,January,1,1747977.87,0.8345,2272371.23,2272371.23,1507424.3,0.7,1590659.86,1590659.86
2026,Stories Verdun,February,2,1387090.33,0.6622,1803217.43,1803217.43,1507424.3,0.7,1262252.2,1262252.2
2026,Stories Verdun,March,3,1436257.67,0.6857,1867134.97,1867134.97,1507424.3,0.7,1306994.48,1306994.48
2026,Stories Verdun,April,4,2105139.33,1.005,2736681.13,2736681.13,1507424.3,0.7,1915676.79,1915676.79
2026,Stories Verdun,May,5,1195236.33,0.5706,1553807.23,1553807.23,1507424.3,0.7,1087665.06,1087665.06
2026,Stories Verdun,June,6,449746.67,0.2147,584670.67,584670.67,1507424.3,0.7,409269.47,409269.47
2026,Stories Verdun,July,7,3417793.41,1.6316,4443131.43,4443131.43,1507424.3,0.7,3110192.0,3110192.0
2026,Stories Verdun,August,8,3481408.42,1.662,4525830.95,4525830.95,1507424.3,0.7,3168081.66,3168081.66
2026,Stories Verdun,September,9,2989974.79,1.4274,3886967.23,3886967.23,1507424.3,0.7,2720877.06,2720877.06
2026,Stories Verdun,October,10,2764180.79,1.3196,3593435.03,3593435.03,1507424.3,0.7,2515404.52,2515404.52
2026,Stories Verdun,November,11,2465933.34,1.1772,3205713.34,3205713.34,1507424.3,0.7,2243999.34,2243999.34
2026,Stories Verdun,December,12,1695655.86,0.8095,2204352.62,2204352.62,1507424.3,0.7,1543046.83,1543046.83
2026,Stories Zalka,January,1,10449006.67,1.1613,9573932.43,9573932.43,8105800.12,0.8467,8105800.12,8105800.12
2026,Stories Zalka,February,2,8417640.0,0.9356,7712686.87,7712686.87,8105800.12,0.8467,6529970.69,6529970.69
2026,Stories Zalka,March,3,10840106.67,1.2048,9932278.93,9932278.93,8105800.12,0.8467,8409195.32,8409195.32
2026,Stories Zalka,April,4,11182530.0,1.2429,10246025.29,10246025.29,8105800.12,0.8467,8674829.66,8674829.66
2026,Stories Zalka,May,5,6433973.33,0.7151,5895146.58,5895146.58,8105800.12,0.8467,4991144.46,4991144.46
2026,Stories Zalka,June,6,2504900.0,0.2784,2295121.83,2295121.83,8105800.12,0.8467,1943172.15,1943172.15
2026,Stories Zalka,July,7,10265530.04,1.1409,9405821.44,9405821.44,8105800.12,0.8467,7963468.42,7963468.42
2026,Stories Zalka,August,8,10774439.35,1.1975,9872111.05,9872111.05,8105800.12,0.8467,8358254.0,8358254.0
2026,Stories Zalka,September,9,9882169.98,1.0983,9054566.68,9054566.68,8105800.12,0.8467,7666077.47,7666077.47
2026,Stories Zalka,October,10,9775939.95,1.0865,8957233.11,8957233.11,8105800.12,0.8467,7583669.69,7583669.69
2026,Stories Zalka,November,11,8876666.37,0.9866,8133271.1,8133271.1,8105800.12,0.8467,6886059.66,6886059.66
2026,Stories Zalka,December,12,8566291.9,0.9521,7848889.6,7848889.6,8105800.12,0.8467,6645287.16,6645287.16
